{
  "import_quantity": {
    "mae": 909176.1782753624,
    "rmse": 1379610.039125031,
    "mape": 55558952780.5656,
    "smape": 62.416816474626444
  },
  "unit_price": {
    "mae": 570.9209110576554,
    "rmse": 4040.672071690126,
    "mape": 110271017.32309088,
    "smape": 8.698533308391362
  },
  "meta": {
    "baseline": "lag-1 naive per exporter",
    "records": 414
  }
}