{
  "aic": 454.6013352833128,
  "bic": 455.1930090153214,
  "order": [
    1,
    1,
    1
  ]
}