{
  "rmse": 609550.7256202671,
  "mae": 522775.97504520416,
  "r2": 0.9999999992521018,
  "feature_importance": {
    "avg_tariff": 0.6228353366493617,
    "tariff_lag1": 0.23967178424861008,
    "tariff_lag2": 0.08737345052942738,
    "tariff_change": 0.002103006308747224,
    "tariff_change_lag1": 0.04771934906097221,
    "high_tariff_regime": 0.0002970732028813312
  }
}