scenario,year,tariff_rate,revenue_ml
baseline,2025,0.025,77329065113.5544
baseline,2026,0.026,77478008824.05054
baseline,2027,0.027,77478008824.05054
baseline,2028,0.028,77439912995.16129
baseline,2029,0.029,73448097172.01518
reciprocal_tariff,2025,0.025,77329065113.5544
reciprocal_tariff,2026,0.1,81616159897.65906
reciprocal_tariff,2027,0.12,82257232707.09546
reciprocal_tariff,2028,0.13,91608181777.97743
reciprocal_tariff,2029,0.14,91608181777.97743
