scenario,us_auto_production,us_employment,production_change_pct,employment_change_pct
S0_no_response,10560344.827586208,1003232.7586206897,5.603448275862077,5.603448275862077
S1_partial_relocation,10674778.761061948,1014103.982300885,6.747787610619471,6.747787610619471
S2_aggressive_localization,10795454.545454545,1025568.1818181819,7.954545454545459,7.954545454545459
