target,mae,rmse,mape,smape
import_quantity,1790650.25,2522518.9894928443,244.31907653808594,103.464111328125
unit_price,101.97101593017578,117.40827120964477,18.931032180786133,19.179607391357422
