actual,predicted,error,error_pct
882104474.0,9.0070483e+08,-18600358.0,-2.10863435661477
801703819.0,7.7584403e+08,25859787.0,3.225603569190432
912075099.0,5.4877056e+08,363304539.0,39.83274397013222
0.0,1.9225843e+08,-192258432.0,-1.92258432e+16
