{
  "method": "transformer",
  "timestamp": "2025-11-21T17:57:46.940906",
  "metrics": {
    "rmse": 206135995.5433031,
    "mae": 150005779.0,
    "r2": 0.7007948065430639,
    "train_samples": 16,
    "test_samples": 4,
    "final_train_loss": 0.08547727763652802,
    "final_val_loss": 0.012626657262444496
  },
  "training_history": {
    "loss": [
      0.2424170970916748,
      0.03706054389476776,
      0.22420093417167664,
      0.06011626869440079,
      0.19354704022407532,
      0.2755647897720337,
      0.08488723635673523,
      0.1801617294549942,
      0.13028308749198914,
      0.07596229016780853,
      0.09312795102596283,
      0.171659454703331,
      0.11075299978256226,
      0.10416052490472794,
      0.13743586838245392,
      0.08971143513917923,
      0.13316065073013306,
      0.11528775095939636,
      0.15884101390838623,
      0.09689252078533173,
      0.07117859274148941,
      0.14628762006759644,
      0.18411588668823242,
      0.11554322391748428,
      0.12242501229047775,
      0.16775783896446228,
      0.08547727763652802
    ],
    "val_loss": [
      0.01539240125566721,
      0.013730349019169807,
      0.01319381408393383,
      0.013075779192149639,
      0.013342030346393585,
      0.014536873437464237,
      0.01580473966896534,
      0.01627621427178383,
      0.015044967643916607,
      0.014173021540045738,
      0.013446022756397724,
      0.01276690699160099,
      0.012183574959635735,
      0.011835915967822075,
      0.011613423004746437,
      0.011495648883283138,
      0.011391548439860344,
      0.011467855423688889,
      0.01182284764945507,
      0.012184027582406998,
      0.012510575354099274,
      0.01255328394472599,
      0.012581449933350086,
      0.012725510634481907,
      0.012860053218901157,
      0.012816478498280048,
      0.012626657262444496
    ]
  },
  "metadata": {
    "feature_cols": [
      "year_idx",
      "partner_encoded",
      "import_lag1",
      "import_lag2",
      "import_ma3"
    ],
    "partners": [
      "China",
      "Japan",
      "South Korea",
      "Mexico",
      "Germany"
    ]
  }
}