gdp_growth,industrial_production,manufacturing_va_share,manufacturing_employment_share
"{'rsquared': 0.11266018243032072, 'tariff_coef': -0.09360917829882257, 'tariff_pvalue': 0.404651088714005, 'retaliation_coef': -0.029952609761266513, 'retaliation_pvalue': 0.5602010136482551}","{'rsquared': 0.3008145183355275, 'tariff_coef': 0.3909612233508133, 'tariff_pvalue': 0.5423398186409003, 'retaliation_coef': 0.5160827890565596, 'retaliation_pvalue': 0.10731125768285331}","{'rsquared': 0.37956725473022324, 'tariff_coef': -0.187196091787179, 'tariff_pvalue': 0.11641342778121773, 'retaliation_coef': -0.07728457508572895, 'retaliation_pvalue': 0.15529317748795224}","{'rsquared': 0.10076991988911521, 'tariff_coef': 0.01036441888817674, 'tariff_pvalue': 0.9228873044963919, 'retaliation_coef': 0.04547828869699355, 'retaliation_pvalue': 0.37167150272476146}"
