{
  "pre_treatment_mean": 11.50478553745182,
  "post_treatment_mean": 10.606938860436085,
  "difference": -0.8978466770157354,
  "treatment_coef": -0.7888962699371271,
  "treatment_pvalue": 0.42423942791819014,
  "statistically_significant": false
}