{
  "method": "econometric_ols",
  "timestamp": "2025-11-22T16:47:51.550078",
  "scenarios": {
    "S0_no_response": {
      "japan_direct_import_share": 0.3,
      "us_produced_share": 0.2,
      "mexico_produced_share": 0.5,
      "tariff_on_japan": 0.25,
      "tariff_on_mexico": 0.0
    },
    "S1_partial_relocation": {
      "japan_direct_import_share": 0.15,
      "us_produced_share": 0.35,
      "mexico_produced_share": 0.5,
      "tariff_on_japan": 0.25,
      "tariff_on_mexico": 0.0
    },
    "S2_aggressive_localization": {
      "japan_direct_import_share": 0.05,
      "us_produced_share": 0.5,
      "mexico_produced_share": 0.45,
      "tariff_on_japan": 0.25,
      "tariff_on_mexico": 0.0
    }
  },
  "summary_statistics": {
    "baseline_import_penetration": 13.793103448275861,
    "max_us_production_increase": 7.954545454545459,
    "max_employment_increase": 7.954545454545459
  },
  "model_parameters": {
    "import_elasticity": {
      "Intercept": -64.72175542512248,
      "C(partner_country)[T.Albania]": 3.0501531856898603,
      "C(partner_country)[T.Andorra]": 0.6334123343486441,
      "C(partner_country)[T.Angola]": 0.08165614131960276,
      "C(partner_country)[T.Anguilla]": 0.011953968694128538,
      "C(partner_country)[T.Antigua and Barbuda]": 0.13618534281536082,
      "C(partner_country)[T.Argentina]": 4.6630564659187135,
      "C(partner_country)[T.Armenia]": 0.8521678914737044,
      "C(partner_country)[T.Aruba]": 0.36401260108172356,
      "C(partner_country)[T.Australia]": 6.679556214003757,
      "C(partner_country)[T.Austria]": 8.57485909713976,
      "C(partner_country)[T.Bahamas]": 0.1539167574818893,
      "C(partner_country)[T.Bahrain]": 0.4008204548303466,
      "C(partner_country)[T.Bangladesh]": 2.231766148262502,
      "C(partner_country)[T.Barbados]": 0.1272662411089543,
      "C(partner_country)[T.Belarus]": 0.7449759809304994,
      "C(partner_country)[T.Belgium]": 9.557772946765116,
      "C(partner_country)[T.Belize]": 0.32201434475746477,
      "C(partner_country)[T.Benin]": 0.05581736527122667,
      "C(partner_country)[T.Bermuda]": 0.15806448280537516,
      "C(partner_country)[T.Bolivia]": 0.39398702015463516,
      "C(partner_country)[T.Bosnia and Herzegovina]": 2.5115587149765055,
      "C(partner_country)[T.Botswana]": 0.358777103107136,
      "C(partner_country)[T.Brazil]": 8.640718179899533,
      "C(partner_country)[T.British Indian Ocean Territory]": -0.004757598339704955,
      "C(partner_country)[T.British Virgin Islands]": 1.0595326713315436,
      "C(partner_country)[T.Brunei]": 0.1345500670622077,
      "C(partner_country)[T.Bulgaria]": 4.344155252343823,
      "C(partner_country)[T.Burkina Faso]": 0.3425665116187553,
      "C(partner_country)[T.Burundi]": 0.04036354755010674,
      "C(partner_country)[T.Cabo Verde]": 0.2205153591449075,
      "C(partner_country)[T.Cambodia]": 7.537604910237645,
      "C(partner_country)[T.Cameroon]": 0.5204505615890996,
      "C(partner_country)[T.Canada]": 10.808966253061083,
      "C(partner_country)[T.Cayman Islands]": 0.276032803757894,
      "C(partner_country)[T.Central African Republic]": -0.004903622757747461,
      "C(partner_country)[T.Chad]": 0.009373374592453647,
      "C(partner_country)[T.Chile]": 4.38015796364418,
      "C(partner_country)[T.China]": 12.283870783307083,
      "C(partner_country)[T.Christmas Island]": 0.008959736803384417,
      "C(partner_country)[T.Cocos (Keeling) Islands]": 0.1723098645300467,
      "C(partner_country)[T.Colombia]": 5.343146288084494,
      "C(partner_country)[T.Cook Islands]": -0.0018958065278811946,
      "C(partner_country)[T.Costa Rica]": 4.831846052763368,
      "C(partner_country)[T.Croatia]": 3.8622077619421598,
      "C(partner_country)[T.Curaçao]": 0.14550649253633657,
      "C(partner_country)[T.Cyprus]": 0.6655199568079118,
      "C(partner_country)[T.Czechia (Czech Republic)]": 7.3803501892968315,
      "C(partner_country)[T.Côte d`Ivoire]": 0.7868654878065365,
      "C(partner_country)[T.Democratic Republic of the Congo]": 0.4724655310600179,
      "C(partner_country)[T.Denmark]": 5.704163172762825,
      "C(partner_country)[T.Djibouti]": 0.30241162301610874,
      "C(partner_country)[T.Dominican Republic]": 4.8324538698734,
      "C(partner_country)[T.Ecuador]": 0.8665997458463924,
      "C(partner_country)[T.Egypt]": 2.1917473647827292,
      "C(partner_country)[T.El Salvador]": 0.509809165928697,
      "C(partner_country)[T.Equatorial Guinea]": -0.004582991496708899,
      "C(partner_country)[T.Eritrea]": 0.00037292587345473126,
      "C(partner_country)[T.Estonia]": 3.132996595246775,
      "C(partner_country)[T.Eswatini (Swaziland)]": 0.1523518160847332,
      "C(partner_country)[T.Ethiopia]": 0.03907496097151748,
      "C(partner_country)[T.Faroe Islands]": 0.15289102016743494,
      "C(partner_country)[T.Fiji]": -0.0038867353385866887,
      "C(partner_country)[T.Finland]": 7.113669282139982,
      "C(partner_country)[T.France]": 8.019023695339573,
      "C(partner_country)[T.French Polynesia]": 0.011528880010595207,
      "C(partner_country)[T.French Southern and Antarctic Lands]": -0.0029238015650894173,
      "C(partner_country)[T.Gabon]": 0.1904531384439533,
      "C(partner_country)[T.Gambia]": 0.015300473447114897,
      "C(partner_country)[T.Georgia]": 2.1486869585842023,
      "C(partner_country)[T.Germany]": 10.97058093935071,
      "C(partner_country)[T.Ghana]": 1.0151015409407647,
      "C(partner_country)[T.Gibraltar]": 0.44507808574613483,
      "C(partner_country)[T.Greece]": 4.263363764807608,
      "C(partner_country)[T.Grenada]": -0.007209557217048119,
      "C(partner_country)[T.Guadeloupe]": 0.11608859397025041,
      "C(partner_country)[T.Guatemala]": 1.4159000496521188,
      "C(partner_country)[T.Guinea]": 0.767685318691748,
      "C(partner_country)[T.Guinea-Bissau]": 0.04016651486424215,
      "C(partner_country)[T.Guyana]": 0.2057830943234981,
      "C(partner_country)[T.Haiti]": 0.033816586613639586,
      "C(partner_country)[T.Honduras]": 4.961358872451532,
      "C(partner_country)[T.Hong Kong]": 4.0869696608676485,
      "C(partner_country)[T.Hungary]": 8.120712833034258,
      "C(partner_country)[T.Iceland]": 0.7885987060218289,
      "C(partner_country)[T.India]": 10.095319056325781,
      "C(partner_country)[T.Indonesia]": 8.054807366081102,
      "C(partner_country)[T.Iraq]": 0.007904679277668957,
      "C(partner_country)[T.Ireland]": 4.737639682279796,
      "C(partner_country)[T.Israel]": 5.583504163812464,
      "C(partner_country)[T.Italy]": 9.680254296129617,
      "C(partner_country)[T.Jamaica]": 0.5110891749433021,
      "C(partner_country)[T.Japan]": 12.245883342665573,
      "C(partner_country)[T.Jordan]": 4.158065535847172,
      "C(partner_country)[T.Kazakhstan]": 2.0965566571529686,
      "C(partner_country)[T.Kenya]": 0.3259199802168204,
      "C(partner_country)[T.Kiribati]": -0.005902171060266757,
      "C(partner_country)[T.Kosovo]": 1.2199202805368308,
      "C(partner_country)[T.Kuwait]": 0.7130614018495074,
      "C(partner_country)[T.Kyrgyzstan]": 2.1582760527063196,
      "C(partner_country)[T.Laos]": 0.3026026080185893,
      "C(partner_country)[T.Latvia]": 4.0697925395331955,
      "C(partner_country)[T.Lebanon]": 1.595994452088356,
      "C(partner_country)[T.Liberia]": 0.01475783293498747,
      "C(partner_country)[T.Libya]": -0.0020790059985529726,
      "C(partner_country)[T.Liechtenstein]": 4.362915644150151,
      "C(partner_country)[T.Lithuania]": 3.638390709868666,
      "C(partner_country)[T.Luxembourg]": 4.368658279590635,
      "C(partner_country)[T.Macau]": 0.556057154208281,
      "C(partner_country)[T.Madagascar]": 0.41902963100730184,
      "C(partner_country)[T.Malawi]": 0.051382983504092934,
      "C(partner_country)[T.Malaysia]": 7.031246353575235,
      "C(partner_country)[T.Maldives]": 0.02168887728963605,
      "C(partner_country)[T.Mali]": 0.5266045297270233,