{
  "elasticities": {
    "price_elasticity": -0.5193897438064746,
    "price_se": 0.18406517486099008,
    "price_pvalue": 0.005020284953710987,
    "share_elasticity": -6.083470310168062,
    "share_se": 2.3105947834969243
  },
  "model_summaries": {
    "trade_elasticity": {
      "rsquared": 0.2591584219953835,
      "rsquared_adj": 0.20976898346174244,
      "nobs": 417,
      "params": {
        "Intercept": 15.459072503373731,
        "C(exporter)[T.Brazil]": 2.7898862687953834,
        "C(exporter)[T.US]": 1.5922862794425956,
        "C(year)[T.2011]": -0.5065763758769452,
        "C(year)[T.2012]": 0.38528243086753067,
        "C(year)[T.2016]": -0.05984986837769991,
        "C(year)[T.2017]": 0.22709080241380714,
        "C(year)[T.2018]": -0.12489722242192164,
        "C(year)[T.2019]": 0.27101900471009704,
        "C(year)[T.2020]": 0.09984333461231018,
        "C(year)[T.2021]": -0.020479555361273445,
        "C(year)[T.2022]": 0.24594279612056674,
        "C(year)[T.2023]": -0.10893069420578898,
        "C(year)[T.2024]": 0.2542723006423448,
        "C(year)[T.2025]": -0.48331835955550584,
        "C(month)[T.2]": -0.5854163409861178,
        "C(month)[T.3]": -0.2090035219039598,
        "C(month)[T.4]": 0.21487868465468038,
        "C(month)[T.5]": -0.8066846805129335,
        "C(month)[T.6]": -0.48587858773986603,
        "C(month)[T.7]": -0.05257956710392624,
        "C(month)[T.8]": -0.0677100639459788,
        "C(month)[T.9]": -0.07330433102176541,
        "C(month)[T.10]": -0.3559654232874285,
        "C(month)[T.11]": 0.5589413518138685,
        "C(month)[T.12]": 0.35411934904185083,
        "ln_price_with_tariff": -0.5193897438064746
      },
      "pvalues": {
        "Intercept": 3.9431207539062054e-28,
        "C(exporter)[T.Brazil]": 5.2318995011131164e-21,
        "C(exporter)[T.US]": 2.752585864202643e-08,
        "C(year)[T.2011]": 0.36671287702893596,
        "C(year)[T.2012]": 0.519387088077004,
        "C(year)[T.2016]": 0.9132900784204068,
        "C(year)[T.2017]": 0.6792465872630293,
        "C(year)[T.2018]": 0.8252071025668772,
        "C(year)[T.2019]": 0.6218362436459275,
        "C(year)[T.2020]": 0.8549096640899607,
        "C(year)[T.2021]": 0.970734101050608,
        "C(year)[T.2022]": 0.6648909020317056,
        "C(year)[T.2023]": 0.8469421186052867,
        "C(year)[T.2024]": 0.6494836782457603,
        "C(year)[T.2025]": 0.4231394647501667,
        "C(month)[T.2]": 0.2736924459115964,
        "C(month)[T.3]": 0.6960660965465579,
        "C(month)[T.4]": 0.6967135329452565,
        "C(month)[T.5]": 0.13114018056878388,
        "C(month)[T.6]": 0.34530756180261224,
        "C(month)[T.7]": 0.9174145896204912,
        "C(month)[T.8]": 0.8937658582480179,
        "C(month)[T.9]": 0.8861055352163323,
        "C(month)[T.10]": 0.49400729978538394,
        "C(month)[T.11]": 0.2980388888233512,
        "C(month)[T.12]": 0.5094382128524363,
        "ln_price_with_tariff": 0.005020284953710987
      }
    },
    "share_elasticity": {
      "rsquared": 0.5169121184480534,
      "rsquared_adj": 0.46637991326479544,
      "nobs": 265,
      "params": {
        "Intercept": -3.45062339123764,
        "C(exporter)[T.Brazil]": 2.739277724434386,
        "C(year)[T.2011]": -0.9626903272996595,
        "C(year)[T.2012]": -0.20421628005557657,
        "C(year)[T.2016]": 0.07063588463423558,
        "C(year)[T.2017]": -0.2430945166582152,
        "C(year)[T.2018]": 0.7460386453318495,
        "C(year)[T.2019]": 0.4324212413406405,
        "C(year)[T.2020]": 0.3235486619940856,
        "C(year)[T.2021]": 0.41077448168501884,
        "C(year)[T.2022]": -0.7112860186262202,
        "C(year)[T.2023]": -0.2643149356201363,
        "C(year)[T.2024]": -0.7776590280788647,
        "C(year)[T.2025]": -0.5164460349701668,
        "C(month)[T.2]": -0.8701836150811595,
        "C(month)[T.3]": -0.28806646528807794,
        "C(month)[T.4]": 1.0742610117047648,
        "C(month)[T.5]": 0.6857159478169408,
        "C(month)[T.6]": 2.476777829414951,
        "C(month)[T.7]": 4.370044261143428,
        "C(month)[T.8]": 3.714914129441134,
        "C(month)[T.9]": 3.710672573732741,
        "C(month)[T.10]": 3.1246238705859697,
        "C(month)[T.11]": 1.0668044390231661,
        "C(month)[T.12]": 0.7702263292255034,
        "tariff_diff_vs_us": -6.083470310168062
      },
      "pvalues": {
        "Intercept": 1.7173491208829264e-05,
        "C(exporter)[T.Brazil]": 5.601362074756003e-16,
        "C(year)[T.2011]": 0.22463448618864784,
        "C(year)[T.2012]": 0.8089251041684223,
        "C(year)[T.2016]": 0.9276563948457917,
        "C(year)[T.2017]": 0.7541007462371554,
        "C(year)[T.2018]": 0.36629769129643364,
        "C(year)[T.2019]": 0.5779318532680893,
        "C(year)[T.2020]": 0.6744579196523188,
        "C(year)[T.2021]": 0.6047953974984261,
        "C(year)[T.2022]": 0.37514973140287355,
        "C(year)[T.2023]": 0.7425291947085861,
        "C(year)[T.2024]": 0.34090730210192344,
        "C(year)[T.2025]": 0.7667762147150736,
        "C(month)[T.2]": 0.2544065896025941,
        "C(month)[T.3]": 0.7062881626310615,
        "C(month)[T.4]": 0.18790103094684651,
        "C(month)[T.5]": 0.36764752324253025,
        "C(month)[T.6]": 0.0006945117772569659,
        "C(month)[T.7]": 2.8470210811121123e-09,
        "C(month)[T.8]": 4.2821939782830615e-07,
        "C(month)[T.9]": 5.71607726991453e-07,
        "C(month)[T.10]": 2.7762779980869585e-05,
        "C(month)[T.11]": 0.1645437332315763,
        "C(month)[T.12]": 0.3038197657517095,
        "tariff_diff_vs_us": 0.009018924423147343
      }
    }
  }
}