{
  "statistical": {
    "import_quantity": {
      "mae": 909176.1782753624,
      "rmse": 1379610.039125031,
      "mape": 55558952780.5656,
      "smape": 62.416816474626444
    },
    "unit_price": {
      "mae": 570.9209110576554,
      "rmse": 4040.672071690126,
      "mape": 110271017.32309088,
      "smape": 8.698533308391362
    },
    "meta": {
      "baseline": "lag-1 naive per exporter",
      "records": 414
    }
  },
  "lstm": {
    "import_quantity": {
      "mae": 1790650.25,
      "rmse": 2522518.9894928443,
      "mape": 244.31907653808594,
      "smape": 103.464111328125
    },
    "unit_price": {
      "mae": 101.97101593017578,
      "rmse": 117.40827120964477,
      "mape": 18.931032180786133,
      "smape": 19.179607391357422
    },
    "meta": {
      "target_dim": 2,
      "horizon": 12
    }
  }
}