target,mae,rmse,mape
import_quantity,1664374.625,2220485.7396092415,428.65484619140625
unit_price,1016.4069213867188,1242.985468539355,203.5418701171875
market_share,0.2339141070842743,0.31441837616363144,417.8302307128906
