{
  "rsquared": 0.7954908040573447,
  "nobs": 6,
  "beta1_tariff": 2114.4725982433865,
  "beta2_tariff_sq": -7384.458194376361,
  "optimal_tariff_pct": 14.317046305805242
}